"","fecha","casos_total","casos_pcr","casos_test_ac","altas","fallecimientos","casos","Fecha","salidas","ds","y","Casos.nuevos","Altas.nuevas","Fallecimientos.nuevos","Altas.Avg.3","Decesos.Avg.3","CFR","Casos.vivos","Casos.vivos.7","Prevalencia","Prevalencia7","total","Tasa.Resolucion","Tasa.Resolucion.R","R0"
"1","2020-02-21",3,3,NA,NA,NA,3,2020-02-21,NA,2020-02-21,3,NA,NA,NA,NA,NA,NA,0,0,NA,NA,3,NA,NA,NA
"2","2020-02-22",3,3,NA,NA,NA,3,2020-02-22,NA,2020-02-22,3,0,NA,NA,NA,NA,NA,0,0,NA,NA,3,NA,NA,0
"3","2020-02-23",3,3,NA,NA,NA,3,2020-02-23,NA,2020-02-23,3,0,NA,NA,0,0,NA,0,0,NA,NA,3,NA,NA,0
"4","2020-02-24",3,3,NA,NA,NA,3,2020-02-24,NA,2020-02-24,3,0,NA,NA,0,0,NA,0,0,NA,NA,3,NA,NA,0
"5","2020-02-25",4,4,NA,NA,NA,4,2020-02-25,NA,2020-02-25,4,1,NA,NA,0,0,NA,0,0,NA,NA,4,NA,NA,0.333333333333333
"6","2020-02-26",10,10,NA,NA,NA,10,2020-02-26,NA,2020-02-26,10,6,NA,NA,0,0,NA,0,0,NA,NA,10,NA,NA,1.5
"7","2020-02-27",18,18,NA,NA,NA,18,2020-02-27,NA,2020-02-27,18,8,NA,NA,0,0,NA,0,0,NA,NA,18,NA,NA,0.8
"8","2020-02-28",36,36,NA,NA,NA,36,2020-02-28,NA,2020-02-28,36,18,NA,NA,0,0,NA,0,3,NA,NA,36,NA,NA,1
"9","2020-02-29",55,55,NA,NA,NA,55,2020-02-29,NA,2020-02-29,55,19,NA,NA,0,0,NA,0,3,NA,NA,55,NA,NA,0.527777777777778
"10","2020-03-01",83,83,NA,NA,NA,83,2020-03-01,NA,2020-03-01,83,28,NA,NA,0,0,NA,0,3,NA,NA,83,NA,NA,0.509090909090909
"11","2020-03-02",138,138,NA,NA,NA,138,2020-03-02,NA,2020-03-02,138,55,NA,NA,0,0,NA,0,3,NA,NA,138,NA,NA,0.662650602409639
"12","2020-03-03",195,195,NA,NA,NA,195,2020-03-03,NA,2020-03-03,195,57,NA,NA,0,0,NA,0,4,NA,NA,195,NA,NA,0.41304347826087
"13","2020-03-04",269,269,NA,NA,1,269,2020-03-04,NA,2020-03-04,269,74,NA,NA,0,0,0.00371747211895911,0,10,NA,NA,269,NA,NA,0.379487179487179
"14","2020-03-05",351,351,NA,NA,3,351,2020-03-05,NA,2020-03-05,351,82,NA,2,0,0.666666666666667,0.00854700854700855,0,18,NA,NA,351,NA,NA,0.304832713754647
"15","2020-03-06",533,533,NA,NA,5,533,2020-03-06,NA,2020-03-06,533,182,NA,2,0,1.33333333333333,0.00938086303939963,3,36,NA,NA,533,NA,NA,0.518518518518518
"16","2020-03-07",768,768,NA,NA,8,768,2020-03-07,NA,2020-03-07,768,235,NA,3,0,2.33333333333333,0.0104166666666667,3,55,NA,NA,768,NA,NA,0.440900562851782
"17","2020-03-08",1100,1100,NA,NA,17,1100,2020-03-08,NA,2020-03-08,1100,332,NA,9,0,4.66666666666667,0.0154545454545455,3,83,NA,NA,1100,NA,NA,0.432291666666667
"18","2020-03-09",1535,1535,NA,24,28,1535,2020-03-09,52,2020-03-09,1535,435,NA,11,0,7.66666666666667,0.0182410423452769,3,138,-49,86,1483,0.0338762214983713,NA,0.395454545454545
"19","2020-03-10",2302,2302,NA,138,35,2302,2020-03-10,173,2020-03-10,2302,767,114,7,38,9,0.0152041702867072,4,195,-169,22,2129,0.0751520417028671,0.157757496740548,0.517194875252866
"20","2020-03-11",3279,3279,NA,188,48,3279,2020-03-11,236,2020-03-11,3279,977,50,13,54.6666666666667,10.3333333333333,0.0146386093321134,10,269,-226,33,3043,0.0719731625495578,0.0644831115660184,0.458900892437764
"21","2020-03-12",4433,4433,NA,202,85,4433,2020-03-12,287,2020-03-12,4433,1154,14,37,59.3333333333333,19,0.0191743740130837,18,351,-269,64,4146,0.0647417099030002,0.0441941074523397,0.379231022017746
"22","2020-03-13",5955,5955,NA,212,124,5955,2020-03-13,336,2020-03-13,5955,1522,10,39,24.6666666666667,29.6666666666667,0.0208228379513014,36,533,-300,197,5619,0.0564231738035264,0.0321944809461235,0.367100820067535
"23","2020-03-14",7646,7646,NA,555,144,7646,2020-03-14,699,2020-03-14,7646,1691,343,20,122.333333333333,32,0.0188333769291133,55,768,-644,69,6947,0.0914203505100706,0.214665878178593,0.300943228332443
"24","2020-03-15",9786,9786,NA,567,296,9786,2020-03-15,863,2020-03-15,9786,2140,12,152,121.666666666667,70.3333333333333,0.0302472920498672,83,1100,-780,237,8923,0.0881872062129573,0.0766355140186916,0.308046638836908
"25","2020-03-16",11488,11488,NA,586,318,11488,2020-03-16,904,2020-03-16,11488,1702,19,22,124.666666666667,64.6666666666667,0.0276810584958217,138,1535,-766,631,10584,0.0786908077994429,0.0240893066980024,0.190743023646756
"26","2020-03-17",14011,14011,NA,913,497,14011,2020-03-17,1410,2020-03-17,14011,2523,327,179,119.333333333333,117.666666666667,0.0354721290414674,195,2302,-1215,892,12601,0.100635215188067,0.20055489496631,0.238378684807256
"27","2020-03-18",17707,17707,NA,971,591,17707,2020-03-18,1562,2020-03-18,17707,3696,58,94,134.666666666667,98.3333333333333,0.0333766307110182,269,3279,-1293,1717,16145,0.0882137007962952,0.0411255411255411,0.293310054757559
"28","2020-03-19",21744,21744,NA,1210,766,21744,2020-03-19,1976,2020-03-19,21744,4037,239,175,208,149.333333333333,0.0352281089036056,351,4433,-1625,2457,19768,0.0908756438557763,0.102551399554124,0.25004645401053
"29","2020-03-20",26299,26299,NA,1542,995,26299,2020-03-20,2537,2020-03-20,26299,4555,332,229,209.666666666667,166,0.0378341381801589,533,5955,-2004,3418,23762,0.0964675462945359,0.123161361141603,0.230422905706192
"30","2020-03-21",31765,31765,NA,2133,1349,31765,2020-03-21,3482,2020-03-21,31765,5466,591,354,387.333333333333,252.666666666667,0.0424681252951362,768,7646,-2714,4164,28283,0.109617503541634,0.172886937431394,0.230031142159751
"31","2020-03-22",36633,36633,NA,2674,1715,36633,2020-03-22,4389,2020-03-22,36633,4868,541,366,488,316.333333333333,0.0468157126088499,1100,9786,-3289,5397,32244,0.119810007370404,0.186318816762531,0.172117526429304
"32","2020-03-23",41263,41263,NA,3117,2146,41263,2020-03-23,5263,2020-03-23,41263,4630,443,431,525,383.666666666667,0.0520078520708625,1535,11488,-3728,6225,36000,0.127547681942661,0.188768898488121,0.14359260637638
"33","2020-03-24",48981,48981,NA,3698,2711,48981,2020-03-24,6409,2020-03-24,48981,7718,581,565,521.666666666667,454,0.0553479920785611,2302,14011,-4107,7602,42572,0.13084665482534,0.148484063228816,0.214388888888889
"34","2020-03-25",57519,57519,NA,5054,3307,57519,2020-03-25,8361,2020-03-25,57519,8538,1356,596,793.333333333333,530.666666666667,0.0574940454458527,3279,17707,-5082,9346,49158,0.145360663432953,0.228624970719138,0.200554354975101
"35","2020-03-26",66492,66492,NA,6326,3920,66492,2020-03-26,10246,2020-03-26,66492,8973,1272,613,1069.66666666667,591.333333333333,0.0589544606869999,4433,21744,-5813,11498,56246,0.15409372556097,0.210074668449794,0.182533870377151
"36","2020-03-27",75669,75669,NA,8491,4673,75669,2020-03-27,13164,2020-03-27,75669,9177,2165,753,1597.66666666667,654,0.061755804887074,5955,26299,-7209,13135,62505,0.173968203623677,0.317968835131307,0.163158269032465
"37","2020-03-28",83917,83917,NA,10896,5513,83917,2020-03-28,16409,2020-03-28,83917,8248,2405,840,1947.33333333333,735.333333333333,0.0656958661534612,7646,31765,-8763,15356,67508,0.195538448705268,0.393428709990301,0.131957443404528
"38","2020-03-29",90357,90357,NA,13336,6223,90357,2020-03-29,19559,2020-03-29,90357,6440,2440,710,2336.66666666667,767.666666666667,0.0688712551324192,9786,36633,-9773,17074,70798,0.216463583341634,0.489130434782609,0.0953961012028204
"39","2020-03-30",96154,96154,NA,14807,6923,96154,2020-03-30,21730,2020-03-30,96154,5797,1471,700,2105.33333333333,750,0.0719990848014643,11488,41263,-10242,19533,74424,0.225991638413379,0.374504053820942,0.081880844091641
"40","2020-03-31",104312,104312,NA,16882,7744,104312,2020-03-31,24626,2020-03-31,104312,8158,2075,821,1995.33333333333,743.666666666667,0.0742388219955518,14011,48981,-10615,24355,79686,0.236080220875834,0.354988967884285,0.109615177899602
"41","2020-04-01",111737,111737,NA,20023,8674,111737,2020-04-01,28697,2020-04-01,111737,7425,3141,930,2229,817,0.0776287174346904,17707,57519,-10990,28822,83040,0.256826297466372,0.548282828282828,0.0931782245312853
"42","2020-04-02",119318,119318,NA,23509,9546,119318,2020-04-02,33055,2020-04-02,119318,7581,3486,872,2900.66666666667,874.333333333333,0.0800046933404851,21744,66492,-11311,33437,86263,0.277032803097605,0.574858198126896,0.0912933526011561
"43","2020-04-03",126610,126610,NA,26540,10394,126610,2020-04-03,36934,2020-04-03,126610,7292,3031,848,3219.33333333333,883.333333333333,0.0820946212779401,26299,75669,-10635,38735,89676,0.291714714477529,0.531952825013714,0.0845321864530564
"44","2020-04-04",133307,133295,12,30173,11171,133295,2020-04-04,41344,2020-04-04,133295,6685,3633,777,3383.33333333333,832.333333333333,0.0838065943958888,31765,83917,-9579,42573,91951,0.310169173637421,0.659685863874346,0.0745461438958027
"45","2020-04-05",138859,138846,13,33701,11841,138846,2020-04-05,45542,2020-04-05,138846,5551,3528,670,3397.33333333333,765,0.0852815349379888,36633,90357,-8909,44815,93304,0.328003687538712,0.756260133309314,0.0603691096344792
"46","2020-04-06",142533,142519,14,35723,12469,142519,2020-04-06,48192,2020-04-06,142519,3673,2022,628,3061,691.666666666667,0.0874900890407595,41263,96154,-6929,47962,94327,0.338144387765842,0.721481078137762,0.0393659435822687
"47","2020-04-07",147799,147732,67,38626,13224,147732,2020-04-07,51850,2020-04-07,147732,5213,2903,755,2817.66666666667,684.333333333333,0.0895134432621233,48981,104312,-2869,52462,95882,0.35097338423632,0.701707270285824,0.0552651944830218
"48","2020-04-08",153401,153311,90,43091,13981,153311,2020-04-08,57072,2020-04-08,153311,5579,4465,757,3130,713.333333333333,0.0911937173457873,57519,111737,447,54665,96239,0.372262916555237,0.936010037641154,0.0581861037525292
"49","2020-04-09",159200,159059,141,47116,14760,159059,2020-04-09,61876,2020-04-09,159059,5748,4025,779,3797.66666666667,763.666666666667,0.0927957550342954,66492,119318,4616,57442,97183,0.389012882012335,0.835768963117606,0.0597263063830672
"50","2020-04-10",163820,163613,207,50860,15407,163613,2020-04-10,66267,2020-04-10,163613,4554,3744,647,4078,727.666666666667,0.0941673338915612,75669,126610,9402,60343,97346,0.405022828259368,0.964207290294247,0.0468600475391787
"51","2020-04-11",168782,168167,615,54118,15905,168167,2020-04-11,70023,2020-04-11,168167,4554,3258,498,3675.66666666667,641.333333333333,0.0945786034120844,83917,133295,13894,63272,98144,0.416389660278176,0.824769433465086,0.0467815832186222
"52","2020-04-12",172843,172076,767,57026,16515,172076,2020-04-12,73541,2020-04-12,172076,3909,2908,610,3303.33333333333,585,0.0959750342871754,90357,138846,16816,65305,98535,0.42737511332202,0.899974418009721,0.0398292305184219
"53","2020-04-13",176003,175133,870,59165,17064,175133,2020-04-13,76229,2020-04-13,175133,3057,2139,549,2768.33333333333,552.333333333333,0.0974345211924652,96154,142519,19925,66290,98904,0.435263485465332,0.879293424926398,0.0310245090576952
"54","2020-04-14",179347,178261,1086,61924,17600,178261,2020-04-14,79524,2020-04-14,178261,3128,2759,536,2602,565,0.0987316350744134,104312,147732,24788,68208,98737,0.446109917480548,1.05338874680307,0.0316266278411389
"55","2020-04-15",184062,182713,1349,65679,18282,182713,2020-04-15,83961,2020-04-15,182713,4452,3755,682,2884.33333333333,589,0.10005856178816,111737,153311,27776,69350,98752,0.45952395286597,0.996630727762803,0.0450894801340936
"56","2020-04-16",188460,186512,1948,69461,18901,186512,2020-04-16,88362,2020-04-16,186512,3799,3782,619,3432,612.333333333333,0.101339324011324,119318,159059,30956,70697,98150,0.473760401475508,1.15846275335615,0.0384701069345431
"57","2020-04-17",193200,190384,2816,72952,19490,190384,2020-04-17,92442,2020-04-17,190384,3872,3491,589,3676,630,0.102372048071266,126610,163613,34168,71171,97942,0.485555508866291,1.05371900826446,0.0394498217014773
"58","2020-04-18",198160,194232,3928,76169,20046,194232,2020-04-18,96215,2020-04-18,194232,3848,3217,556,3496.66666666667,588,0.103206474731249,133295,168167,37080,71952,98017,0.495361217513077,0.980509355509355,0.0392885585346429
"59","2020-04-19",203321,193527,9794,78893,20454,193527,2020-04-19,99347,2020-04-19,193527,-705,2724,408,3144,517.666666666667,0.10569067882001,138846,172076,39499,72729,94180,0.513349558459543,-4.44255319148936,-0.00719262984992399
"60","2020-04-20",206937,195746,11191,80587,20851,195746,2020-04-20,101438,2020-04-20,195746,2219,1694,397,2545,453.666666666667,0.106520695186619,142519,175133,41081,73695,94308,0.518212377264414,0.942316358720144,0.0235612656614993
"61","2020-04-21",210604,198709,11895,82514,21283,198709,2020-04-21,103797,2020-04-21,198709,2963,1927,432,2115,412.333333333333,0.107106371628864,147732,178261,43935,74464,94912,0.522356813229396,0.796152548093149,0.0314183314246936
"62","2020-04-22",214409,201074,13335,85915,21717,201074,2020-04-22,107632,2020-04-22,201074,2365,3401,434,2340.66666666667,421,0.108005013079762,153311,182713,45679,75081,93442,0.535285516774919,1.6215644820296,0.0249178186109238
"63","2020-04-23",219187,204027,15160,89250,22156,204027,2020-04-23,111406,2020-04-23,204027,2953,3335,439,2887.66666666667,435,0.108593470472045,159059,186512,47653,75106,92621,0.546035573723086,1.27802235015239,0.0316024913850303
"64","2020-04-24",222714,206151,16563,92355,22521,206151,2020-04-24,114876,2020-04-24,206151,2124,3105,365,3280.33333333333,412.666666666667,0.109245164951904,163613,190384,48737,75508,91275,0.557242021624925,1.63370998116761,0.0229321644119584
"65","2020-04-25",226603,208656,17947,95708,22898,208656,2020-04-25,118606,2020-04-25,208656,2505,3353,377,3264.33333333333,393.666666666667,0.109740434015796,168167,194232,49561,75626,90050,0.568428418066099,1.48902195608782,0.0274445357436319
"66","2020-04-26",229406,210311,19095,98731,23184,210311,2020-04-26,121915,2020-04-26,210311,1655,3023,286,3160.33333333333,342.666666666667,0.110236744630571,172076,193527,50161,71612,88396,0.579689127054695,1.99939577039275,0.0183786785119378
"67","2020-04-27",231990,211971,20019,100875,23516,211971,2020-04-27,124391,2020-04-27,211971,1660,2144,332,2840,331.666666666667,0.110939704016115,175133,195746,50742,71355,87580,0.586830273952569,1.49156626506024,0.0187791302773881
"68","2020-04-28",234984,213503,21481,102548,23813,213503,2020-04-28,126361,2020-04-28,213503,1532,1673,297,2280,305,0.111534732533032,178261,198709,51900,72348,87142,0.591846484592722,1.28590078328982,0.0174925782142042
"69","2020-04-29",238456,214387,24069,108947,24272,214387,2020-04-29,133219,2020-04-29,214387,884,6399,459,3405.33333333333,362.666666666667,0.113215819989085,182713,201074,49494,67855,81168,0.621394953985083,7.7579185520362,0.0101443620756925
"70","2020-04-30",241653,215663,25990,112050,24537,215663,2020-04-30,136587,2020-04-30,215663,1276,3103,265,3725,340.333333333333,0.113774731873339,186512,204027,49925,67440,79076,0.633335342641065,2.63949843260188,0.0157204809777252
"71","2020-05-01",244848,216965,27883,114676,24818,216965,2020-05-01,139494,2020-05-01,216965,1302,2626,281,4042.66666666667,335,0.114387113128846,190384,206151,50890,66657,77471,0.642933191989491,2.23271889400922,0.0164651727452071
"72","2020-05-02",247516,218394,29122,117248,25097,218394,2020-05-02,142345,2020-05-02,218394,1429,2572,279,2767,275,0.114916160700386,194232,208656,51887,66311,76049,0.651780726576737,1.99510146955913,0.0184456119063908
"73","2020-05-03",249050,219277,29773,118902,25260,219277,2020-05-03,144162,2020-05-03,219277,883,1654,163,2284,241,0.115196760262134,193527,210311,49365,66149,75115,0.657442413020974,2.05775764439411,0.0116109350550303
"74","2020-05-04",250037,219731,30306,121353,25424,219731,2020-05-04,146777,2020-05-04,219731,454,2451,164,2225.66666666667,202,0.115705112159868,195746,211971,48969,65194,72954,0.667984945228484,5.75991189427313,0.00604406576582573
"75","2020-05-05",252001,220759,31242,123486,25610,220759,2020-05-05,149096,2020-05-05,220759,1028,2133,186,2079.33333333333,171,0.116008860340915,198709,213503,49613,64407,71663,0.675379033244398,2.25583657587549,0.0140910710858897
"76","2020-05-06",254992,221630,33362,126002,25854,221630,2020-05-06,151856,2020-05-06,221630,871,2516,244,2366.66666666667,198,0.116653882597121,201074,214387,49218,62531,69774,0.685177999368317,3.16877152698048,0.0121541102102898
"77","2020-05-07",257932,222524,35408,128511,26062,222524,2020-05-07,154573,2020-05-07,222524,894,2509,208,2386,212.666666666667,0.117119951106398,204027,215663,49454,61090,67951,0.694635185418202,3.03914988814318,0.0128127955972139
"78","2020-05-08",260944,223684,37260,131148,26291,223684,2020-05-08,157439,2020-05-08,223684,1160,2637,229,2554,227,0.117536345916561,206151,216965,48712,59526,66245,0.703845603619392,2.47068965517241,0.0170711247810923
"79","2020-05-09",263677,224472,39205,133952,26469,224472,2020-05-09,160421,2020-05-09,224472,788,2804,178,2650,205,0.117916711215653,208656,218394,48235,57973,64051,0.714659289354574,3.78426395939086,0.0118952373764058
"80","2020-05-10",265401,225128,40273,136166,26613,225128,2020-05-10,162779,2020-05-10,225128,656,2214,144,2551.66666666667,183.666666666667,0.118212750079955,210311,219277,47532,56498,62349,0.72305088660673,3.59451219512195,0.0102418385349175
"81","2020-05-11",268729,228022,40707,137138,26737,228022,2020-05-11,163875,2020-05-11,228022,2894,972,124,1996.66666666667,148.666666666667,0.11725622966205,211971,219731,48096,55856,64147,0.718680653621142,0.378714581893573,0.0464161413976166
"82","2020-05-12",270252,228762,41490,138980,26909,228762,2020-05-12,165889,2020-05-12,228762,740,1842,172,1676,146.666666666667,0.117628801986344,213503,220759,47614,54870,62873,0.725159773039229,2.72162162162162,0.0115360032425523
"83","2020-05-13",271752,229348,42404,140823,27091,229348,2020-05-13,167914,2020-05-13,229348,586,1843,182,1552.33333333333,159.333333333333,0.118121806163559,214387,221630,46473,53716,61434,0.732136316863456,3.45563139931741,0.00932037599605554
"84","2020-05-14",272943,229837,43106,143374,27308,229837,2020-05-14,170682,2020-05-14,229837,489,2551,217,2078.66666666667,190.333333333333,0.118814638200116,215663,222524,44981,51842,59155,0.742621945117627,5.66053169734151,0.00795976169547807
"85","2020-05-15",274804,230634,44170,144783,27449,230634,2020-05-15,172232,2020-05-15,230634,797,1409,141,1934.33333333333,180,0.119015409696749,216965,223684,44733,51452,58402,0.74677627756532,1.94479297365119,0.0134730791987152
"86","2020-05-16",277000,231203,45797,146857,27549,231203,2020-05-16,174406,2020-05-16,231203,569,2074,100,2011.33333333333,152.666666666667,0.119155028265204,218394,224472,43988,50066,56797,0.754341422905412,3.8207381370826,0.00974281702681415
"87","2020-05-17",278020,231651,46369,149579,27634,231651,2020-05-17,177213,2020-05-17,231651,448,2722,85,2068.33333333333,108.666666666667,0.119291520433756,219277,225128,42064,47915,54438,0.76499993524742,6.265625,0.00788774054967692
"88","2020-05-18",278548,231966,46582,150376,27693,231966,2020-05-18,178069,2020-05-18,231966,315,797,59,1864.33333333333,81.3333333333333,0.119383875223093,219731,228022,41662,49953,53897,0.76765129372408,2.71746031746032,0.00578639920643668
"89","2020-05-19",279012,232246,46766,NA,27793,232246,2020-05-19,NA,2020-05-19,232246,280,NA,100,1173,81.3333333333333,0.119670521774325,220759,228762,NA,NA,232246,NA,NA,0.00519509434662412
"90","2020-05-20",279662,232693,46969,NA,27892,232693,2020-05-20,NA,2020-05-20,232693,447,NA,99,265.666666666667,86,0.119866089654609,221630,229348,NA,NA,232693,NA,NA,0.0019246833099386
"91","2020-05-21",280117,233037,47080,NA,27940,233037,2020-05-21,NA,2020-05-21,233037,344,NA,48,0,82.3333333333333,0.119895123950274,222524,229837,NA,NA,233037,NA,NA,0.00147834270906301
"92","2020-05-22",NA,234824,NA,NA,28628,234824,2020-05-22,NA,2020-05-22,234824,1787,NA,688,0,278.333333333333,0.121912581337512,223684,230634,NA,NA,234824,NA,NA,0.00766831018250321
"93","2020-05-23",NA,235290,NA,NA,28678,235290,2020-05-23,NA,2020-05-23,235290,466,NA,50,0,262,0.121883632963577,224472,231203,NA,NA,235290,NA,NA,0.00198446496099206
"94","2020-05-24",NA,235772,NA,NA,28752,235772,2020-05-24,NA,2020-05-24,235772,482,NA,74,0,270.666666666667,0.121948322956076,225128,231651,NA,NA,235772,NA,NA,0.00204853584937736
"95","2020-05-25",NA,235400,NA,NA,26834,235400,2020-05-25,NA,2020-05-25,235400,-372,NA,-1918,0,-598,0.113993203058624,228022,231966,NA,NA,235400,NA,NA,-0.00157779549734489
"96","2020-05-26",NA,236259,NA,NA,27117,236259,2020-05-26,NA,2020-05-26,236259,859,NA,283,0,-520.333333333333,0.114776579939812,228762,232246,NA,NA,236259,NA,NA,0.00364910790144435
"97","2020-05-27",NA,236769,NA,NA,27118,236769,2020-05-27,NA,2020-05-27,236769,510,NA,1,0,-544.666666666667,0.114533574919014,229348,232693,NA,NA,236769,NA,NA,0.00215864792452351
"98","2020-05-28",NA,237906,NA,NA,27119,237906,2020-05-28,NA,2020-05-28,237906,1137,NA,1,0,95,0.113990399569578,229837,233037,NA,NA,237906,NA,NA,0.00480214892996972
"99","2020-05-29",NA,238564,NA,NA,27121,238564,2020-05-29,NA,2020-05-29,238564,658,NA,2,0,1.33333333333333,0.113684378196207,230634,234824,NA,NA,238564,NA,NA,0.00276579825645423
"100","2020-05-30",NA,239228,NA,NA,27125,239228,2020-05-30,NA,2020-05-30,239228,664,NA,4,0,2.33333333333333,0.113385556874613,231203,235290,NA,NA,239228,NA,NA,0.00278332019919183
"101","2020-05-31",NA,239429,NA,NA,27127,239429,2020-05-31,NA,2020-05-31,239429,201,NA,2,0,2.66666666666667,0.113298723212309,231651,235772,NA,NA,239429,NA,NA,0.000840202651863494
"102","2020-06-01",NA,239638,NA,NA,27127,239638,2020-06-01,NA,2020-06-01,239638,209,NA,0,0,2,0.113199909864045,231966,235400,NA,NA,239638,NA,NA,0.000872910132022437
"103","2020-06-02",NA,239932,NA,NA,27127,239932,2020-06-02,NA,2020-06-02,239932,294,NA,0,0,0.666666666666667,0.113061200673524,232246,236259,NA,NA,239932,NA,NA,0.00122685049950342
"104","2020-06-03",NA,240326,NA,NA,27128,240326,2020-06-03,NA,2020-06-03,240326,394,NA,1,0,0.333333333333333,0.112880004660336,232693,236769,NA,NA,240326,NA,NA,0.00164213193738226
"105","2020-06-04",NA,240660,NA,NA,27133,240660,2020-06-04,NA,2020-06-04,240660,334,NA,5,0,2,0.112744120335743,233037,237906,NA,NA,240660,NA,NA,0.001389778883683
"106","2020-06-05",NA,240978,NA,NA,27134,240978,2020-06-05,NA,2020-06-05,240978,318,NA,1,0,2.33333333333333,0.112599490409913,234824,238564,NA,NA,240978,NA,NA,0.00132136624283221
"107","2020-06-06",NA,241310,NA,NA,27135,241310,2020-06-06,NA,2020-06-06,241310,332,NA,1,0,2.33333333333333,0.11244871741743,235290,239228,NA,NA,241310,NA,NA,0.00137771912788719
"108","2020-06-07",NA,241550,NA,NA,27136,241550,2020-06-07,NA,2020-06-07,241550,240,NA,1,0,1,0.112341130200787,235772,239429,NA,NA,241550,NA,NA,0.000994571298329949
"109","2020-06-08",NA,241717,NA,NA,27136,241717,2020-06-08,NA,2020-06-08,241717,167,NA,0,0,0.666666666666667,0.112263514771406,235400,239638,NA,NA,241717,NA,NA,0.000691368246739805
"110","2020-06-09",NA,241966,NA,NA,27136,241966,2020-06-09,NA,2020-06-09,241966,249,NA,0,0,0.333333333333333,0.112147987733814,236259,239932,NA,NA,241966,NA,NA,0.00103013027631486
"111","2020-06-10",NA,242280,NA,NA,27136,242280,2020-06-10,NA,2020-06-10,242280,314,NA,0,0,0,0.112002641571735,236769,240326,NA,NA,242280,NA,NA,0.00129770298306374
"112","2020-06-11",NA,242707,NA,NA,27136,242707,2020-06-11,NA,2020-06-11,242707,427,NA,0,0,0,0.111805592751754,237906,240660,NA,NA,242707,NA,NA,0.00176242364206703
"113","2020-06-12",NA,243209,NA,NA,27136,243209,2020-06-12,NA,2020-06-12,243209,502,NA,0,0,0,0.111574818366097,238564,240978,NA,NA,243209,NA,NA,0.00206833754279852
"114","2020-06-13",NA,243605,NA,NA,27136,243605,2020-06-13,NA,2020-06-13,243605,396,NA,0,0,0,0.11139344430533,239228,241310,NA,NA,243605,NA,NA,0.00162822921849109
"115","2020-06-14",NA,243928,NA,NA,27136,243928,2020-06-14,NA,2020-06-14,243928,323,NA,0,0,0,0.111245941425339,239429,241550,NA,NA,243928,NA,NA,0.00132591695572751
"116","2020-06-15",NA,244109,NA,NA,27136,244109,2020-06-15,NA,2020-06-15,244109,181,NA,0,0,0,0.111163455669394,239638,241717,NA,NA,244109,NA,NA,0.00074202223606966
"117","2020-06-16",NA,244328,NA,NA,27136,244328,2020-06-16,NA,2020-06-16,244328,219,NA,0,0,0,0.111063815854098,239932,241966,NA,NA,244328,NA,NA,0.000897140211954496
"118","2020-06-17",NA,244683,NA,NA,27136,244683,2020-06-17,NA,2020-06-17,244683,355,NA,0,0,0,0.110902678159087,240326,242280,NA,NA,244683,NA,NA,0.00145296486690023
"119","2020-06-18",NA,245268,NA,NA,27136,245268,2020-06-18,NA,2020-06-18,245268,585,NA,0,0,0,0.110638159074971,240660,242707,NA,NA,245268,NA,NA,0.00239084856732997
"120","2020-06-19",NA,245575,NA,NA,28315,245575,2020-06-19,NA,2020-06-19,245575,307,NA,1179,0,393,0.115300824595337,240978,243209,NA,NA,245575,NA,NA,0.00125169202668102
"121","2020-06-20",NA,245938,NA,NA,28322,245938,2020-06-20,NA,2020-06-20,245938,363,NA,7,0,395.333333333333,0.11515910514032,241310,243605,NA,NA,245938,NA,NA,0.00147816349384099
"122","2020-06-21",NA,246272,NA,NA,28323,246272,2020-06-21,NA,2020-06-21,246272,334,NA,1,0,395.666666666667,0.115006984147609,241550,243928,NA,NA,246272,NA,NA,0.00135806585399572
"123","2020-06-22",NA,246504,NA,NA,28324,246504,2020-06-22,NA,2020-06-22,246504,232,NA,1,0,3,0.11490280076591,241717,244109,NA,NA,246504,NA,NA,0.000942047817047817
"124","2020-06-23",NA,246752,NA,NA,28325,246752,2020-06-23,NA,2020-06-23,246752,248,NA,1,0,1,0.114791369472183,241966,244328,NA,NA,246752,NA,NA,0.00100606886703664
"125","2020-06-24",NA,247086,NA,NA,28327,247086,2020-06-24,NA,2020-06-24,247086,334,NA,2,0,1.33333333333333,0.114644293889577,242280,244683,NA,NA,247086,NA,NA,0.00135358578653871
"126","2020-06-25",NA,247486,NA,NA,28330,247486,2020-06-25,NA,2020-06-25,247486,400,NA,3,0,2,0.114471121598798,242707,245268,NA,NA,247486,NA,NA,0.00161886954339785
"127","2020-06-26",NA,247905,NA,NA,28338,247905,2020-06-26,NA,2020-06-26,247905,419,NA,8,0,4.33333333333333,0.114309917105343,243209,245575,NA,NA,247905,NA,NA,0.00169302506000339
"128","2020-06-27",NA,248469,NA,NA,28341,248469,2020-06-27,NA,2020-06-27,248469,564,NA,3,0,4.66666666666667,0.114062518865533,243605,245938,NA,NA,248469,NA,NA,0.00227506504507775
"129","2020-06-28",NA,248770,NA,NA,28343,248770,2020-06-28,NA,2020-06-28,248770,301,NA,2,0,4.33333333333333,0.113932548136833,243928,246272,NA,NA,248770,NA,NA,0.00121141872829206
"130","2020-06-29",NA,248970,NA,NA,28346,248970,2020-06-29,NA,2020-06-29,248970,200,NA,3,0,2.66666666666667,0.113853074667631,244109,246504,NA,NA,248970,NA,NA,0.000803955460867468
"131","2020-06-30",NA,249271,NA,NA,28355,249271,2020-06-30,NA,2020-06-30,249271,301,NA,9,0,4.66666666666667,0.113751699957075,244328,246752,NA,NA,249271,NA,NA,0.00120898100172712
"132","2020-07-01",NA,249659,NA,NA,28363,249659,2020-07-01,NA,2020-07-01,249659,388,NA,8,0,6.66666666666667,0.113606959893294,244683,247086,NA,NA,249659,NA,NA,0.00155653886733716
"133","2020-07-02",NA,250103,NA,NA,28368,250103,2020-07-02,NA,2020-07-02,250103,444,NA,5,0,7.33333333333333,0.113425268789259,245268,247486,NA,NA,250103,NA,NA,0.00177842577275404
"134","2020-07-03",NA,250545,NA,NA,28385,250545,2020-07-03,NA,2020-07-03,250545,442,NA,17,0,10,0.113293021213754,245575,247905,NA,NA,250545,NA,NA,0.0017672718839838
"135","2020-07-06",NA,251789,NA,NA,28388,251789,2020-07-06,NA,2020-07-06,251789,1244,NA,3,0,8.33333333333333,0.112745195381848,245938,248469,NA,NA,251789,NA,NA,0.00496517591650203
"136","2020-07-07",NA,252130,NA,NA,28392,252130,2020-07-07,NA,2020-07-07,252130,341,NA,4,0,8,0.112608574941498,246272,248770,NA,NA,252130,NA,NA,0.00135430856788819
"137","2020-07-08",NA,252513,NA,NA,28396,252513,2020-07-08,NA,2020-07-08,252513,383,NA,4,0,3.66666666666667,0.11245361624946,246504,248970,NA,NA,252513,NA,NA,0.00151905762900091
"138","2020-07-09",NA,253056,NA,NA,28401,253056,2020-07-09,NA,2020-07-09,253056,543,NA,5,0,4.33333333333333,0.112232075113809,246752,249271,NA,NA,253056,NA,NA,0.00215038433664801
"139","2020-07-10",NA,253908,NA,NA,28403,253908,2020-07-10,NA,2020-07-10,253908,852,NA,2,0,3.66666666666667,0.111863352080281,247086,249659,NA,NA,253908,NA,NA,0.00336684370257967
"140","2020-07-13",NA,255953,NA,NA,28406,255953,2020-07-13,NA,2020-07-13,255953,2045,NA,3,0,3.33333333333333,0.110981312975429,247486,250103,NA,NA,255953,NA,NA,0.00805409833482994
"141","2020-07-14",NA,256619,NA,NA,28409,256619,2020-07-14,NA,2020-07-14,256619,666,NA,3,0,2.66666666666667,0.110704975079788,247905,250545,NA,NA,256619,NA,NA,0.00260204021832133
"142","2020-07-15",NA,257494,NA,NA,28413,257494,2020-07-15,NA,2020-07-15,257494,875,NA,4,0,3.33333333333333,0.110344318702572,248469,251789,NA,NA,257494,NA,NA,0.00340972414357472
"143","2020-07-16",NA,258855,NA,NA,28416,258855,2020-07-16,NA,2020-07-16,258855,1361,NA,3,0,3.33333333333333,0.109775743176682,248770,252130,NA,NA,258855,NA,NA,0.0052855600518847
"144","2020-07-17",NA,260255,NA,NA,28420,260255,2020-07-17,NA,2020-07-17,260255,1400,NA,4,0,3.66666666666667,0.109200591727344,248970,252513,NA,NA,260255,NA,NA,0.00540843329277008
"145","2020-07-20",NA,264836,NA,NA,28422,264836,2020-07-20,NA,2020-07-20,264836,4581,NA,2,0,3,0.107319246628102,249271,253056,NA,NA,264836,NA,NA,0.0176019673013006
"146","2020-07-21",NA,266194,NA,NA,28424,266194,2020-07-21,NA,2020-07-21,266194,1358,NA,2,0,2.66666666666667,0.106779266249427,249659,253908,NA,NA,266194,NA,NA,0.00512770167197813
"147","2020-07-22",NA,267551,NA,NA,28426,267551,2020-07-22,NA,2020-07-22,267551,1357,NA,2,0,2,0.106245164473315,250103,255953,NA,NA,267551,NA,NA,0.00509778582537548
"148","2020-07-23",NA,270166,NA,NA,28429,270166,2020-07-23,NA,2020-07-23,270166,2615,NA,3,0,2.33333333333333,0.105227896922633,250545,256619,NA,NA,270166,NA,NA,0.00977383751135298
"149","2020-07-24",NA,272421,NA,NA,28432,272421,2020-07-24,NA,2020-07-24,272421,2255,NA,3,0,2.66666666666667,0.104367871786683,251789,257494,NA,NA,272421,NA,NA,0.00834672016463952
"150","2020-07-27",NA,278782,NA,NA,28434,278782,2020-07-27,NA,2020-07-27,278782,6361,NA,2,0,2.66666666666667,0.101993672475267,252130,258855,NA,NA,278782,NA,NA,0.023349888591555
"151","2020-07-28",NA,280610,NA,NA,28436,280610,2020-07-28,NA,2020-07-28,280610,1828,NA,2,0,2.33333333333333,0.101336374327358,252513,260255,NA,NA,280610,NA,NA,0.0065570947909119
"152","2020-07-29",NA,282641,NA,NA,28441,282641,2020-07-29,NA,2020-07-29,282641,2031,NA,5,0,3,0.100625882302992,253056,264836,NA,NA,282641,NA,NA,0.00723780335697231
"153","2020-07-30",NA,285430,NA,NA,28443,285430,2020-07-30,NA,2020-07-30,285430,2789,NA,2,0,3,0.0996496514031461,253908,266194,NA,NA,285430,NA,NA,0.0098676412834656
"154","2020-07-31",NA,288522,NA,NA,28445,288522,2020-07-31,NA,2020-07-31,288522,3092,NA,2,0,3,0.0985886691482799,255953,267551,NA,NA,288522,NA,NA,0.0108327786147216
"155","2020-08-03",NA,297054,NA,NA,28472,297054,2020-08-03,NA,2020-08-03,297054,8532,NA,27,0,10.3333333333333,0.0958478929756879,256619,270166,NA,NA,297054,NA,NA,0.0295714018341756
"156","2020-08-04",NA,302814,NA,NA,28498,302814,2020-08-04,NA,2020-08-04,302814,5760,NA,26,0,18.3333333333333,0.094110576129241,257494,272421,NA,NA,302814,NA,NA,0.0193904138641459
"157","2020-08-05",NA,305767,NA,NA,28499,305767,2020-08-05,NA,2020-08-05,305767,2953,NA,1,0,18,0.0932049567154075,258855,278782,NA,NA,305767,NA,NA,0.00975186087829493
"158","2020-08-06",NA,309855,NA,NA,28500,309855,2020-08-06,NA,2020-08-06,309855,4088,NA,1,0,9.33333333333333,0.0919785060754224,260255,280610,NA,NA,309855,NA,NA,0.0133696572880658
"159","2020-08-07",NA,314362,NA,NA,28503,314362,2020-08-07,NA,2020-08-07,314362,4507,NA,3,0,1.66666666666667,0.090669355710932,264836,282641,NA,NA,314362,NA,NA,0.0145455132239273
"160","2020-08-10",NA,322980,NA,NA,28576,322980,2020-08-10,NA,2020-08-10,322980,8618,NA,73,0,25.6666666666667,0.0884760666295127,266194,285430,NA,NA,322980,NA,NA,0.0274142549035825
"161","2020-08-11",NA,326612,NA,NA,28581,326612,2020-08-11,NA,2020-08-11,326612,3632,NA,5,0,27,0.0875075012553121,267551,288522,NA,NA,326612,NA,NA,0.0112452783454084
"162","2020-08-12",NA,329784,NA,NA,28579,329784,2020-08-12,NA,2020-08-12,329784,3172,NA,-2,0,25.3333333333333,0.0866597530504815,270166,297054,NA,NA,329784,NA,NA,0.00971182932654036
"163","2020-08-13",NA,337334,NA,NA,28605,337334,2020-08-13,NA,2020-08-13,337334,7550,NA,26,0,9.66666666666667,0.0847972632465153,272421,302814,NA,NA,337334,NA,NA,0.0228937728937729
"164","2020-08-14",NA,342813,NA,NA,28617,342813,2020-08-14,NA,2020-08-14,342813,5479,NA,12,0,12,0.0834769976634492,278782,305767,NA,NA,342813,NA,NA,0.0162420627627218
"165","2020-08-17",NA,359082,NA,NA,28646,359082,2020-08-17,NA,2020-08-17,359082,16269,NA,29,0,22.3333333333333,0.0797756501300539,280610,309855,NA,NA,359082,NA,NA,0.0474573601351174
"166","2020-08-18",NA,364196,NA,NA,28670,364196,2020-08-18,NA,2020-08-18,364196,5114,NA,24,0,21.6666666666667,0.0787213478456655,282641,314362,NA,NA,364196,NA,NA,0.014241872329997
"167","2020-08-19",NA,370867,NA,NA,28797,370867,2020-08-19,NA,2020-08-19,370867,6671,NA,127,0,60,0.0776477820889969,285430,322980,NA,NA,370867,NA,NA,0.0183170600445914
"168","2020-08-20",NA,377906,NA,NA,28813,377906,2020-08-20,NA,2020-08-20,377906,7039,NA,16,0,55.6666666666667,0.0762438278302012,288522,326612,NA,NA,377906,NA,NA,0.0189798499192433
"169","2020-08-21",NA,386054,NA,NA,28838,386054,2020-08-21,NA,2020-08-21,386054,8148,NA,25,0,56,0.0746993943852414,297054,329784,NA,NA,386054,NA,NA,0.02156091726514
"170","2020-08-24",NA,405436,NA,NA,28872,405436,2020-08-24,NA,2020-08-24,405436,19382,NA,34,0,25,0.0712122258506891,302814,337334,NA,NA,405436,NA,NA,0.050205411678159
"171","2020-08-25",NA,412553,NA,NA,28924,412553,2020-08-25,NA,2020-08-25,412553,7117,NA,52,0,37,0.0701097798343486,305767,342813,NA,NA,412553,NA,NA,0.0175539419291824
"172","2020-08-26",NA,419849,NA,NA,28971,419849,2020-08-26,NA,2020-08-26,419849,7296,NA,47,0,44.3333333333333,0.0690033797865423,309855,359082,NA,NA,419849,NA,NA,0.0176850004726665
"173","2020-08-27",NA,429507,NA,NA,28996,429507,2020-08-27,NA,2020-08-27,429507,9658,NA,25,0,41.3333333333333,0.0675099590926341,314362,364196,NA,NA,429507,NA,NA,0.023003508404212
"174","2020-08-28",NA,439286,NA,NA,29011,439286,2020-08-28,NA,2020-08-28,439286,9779,NA,15,0,29,0.0660412578593445,322980,370867,NA,NA,439286,NA,NA,0.0227679642008163
"175","2020-08-31",NA,462858,NA,NA,29094,462858,2020-08-31,NA,2020-08-31,462858,23572,NA,83,0,41,0.0628572910050167,326612,377906,NA,NA,462858,NA,NA,0.0536598024976894
"176","2020-09-01",NA,470973,NA,NA,29152,470973,2020-09-01,NA,2020-09-01,470973,8115,NA,58,0,52,0.0618973911455646,329784,386054,NA,NA,470973,NA,NA,0.0175323749400464
"177","2020-09-02",NA,479554,NA,NA,29194,479554,2020-09-02,NA,2020-09-02,479554,8581,NA,42,0,61,0.0608773985828499,337334,405436,NA,NA,479554,NA,NA,0.0182197280948165
"178","2020-09-03",NA,488513,NA,NA,29234,488513,2020-09-03,NA,2020-09-03,488513,8959,NA,40,0,46.6666666666667,0.0598428291570542,342813,412553,NA,NA,488513,NA,NA,0.0186819419710815
"179","2020-09-04",NA,498989,NA,NA,29418,498989,2020-09-04,NA,2020-09-04,498989,10476,NA,184,0,88.6666666666667,0.0589552074294223,359082,419849,NA,NA,498989,NA,NA,0.0214446698450195
"180","2020-09-07",NA,525549,NA,NA,29516,525549,2020-09-07,NA,2020-09-07,525549,26560,NA,98,0,107.333333333333,0.0561622227423133,364196,429507,NA,NA,525549,NA,NA,0.0532276262602983
"181","2020-09-08",NA,534513,NA,NA,29594,534513,2020-09-08,NA,2020-09-08,534513,8964,NA,78,0,120,0.0553662866946173,370867,439286,NA,NA,534513,NA,NA,0.0170564495413368
"182","2020-09-09",NA,543379,NA,NA,29628,543379,2020-09-09,NA,2020-09-09,543379,8866,NA,34,0,70,0.0545254785333993,377906,462858,NA,NA,543379,NA,NA,0.0165870614933594
"183","2020-09-10",NA,554143,NA,NA,29699,554143,2020-09-10,NA,2020-09-10,554143,10764,NA,71,0,61,0.0535944692976362,386054,470973,NA,NA,554143,NA,NA,0.0198093779847951
"184","2020-09-11",NA,566326,NA,NA,29747,566326,2020-09-11,NA,2020-09-11,566326,12183,NA,48,0,51,0.0525262834480494,405436,479554,NA,NA,566326,NA,NA,0.0219852998233308
"185","2020-09-14",NA,593730,NA,NA,29848,593730,2020-09-14,NA,2020-09-14,593730,27404,NA,101,0,73.3333333333333,0.0502720091624139,412553,488513,NA,NA,593730,NA,NA,0.0483890903825712
"186","2020-09-15",NA,603167,NA,NA,30004,603167,2020-09-15,NA,2020-09-15,603167,9437,NA,156,0,101.666666666667,0.0497441007216907,419849,498989,NA,NA,603167,NA,NA,0.0158944301281727
"187","2020-09-16",NA,614360,NA,NA,30243,614360,2020-09-16,NA,2020-09-16,614360,11193,NA,239,0,165.333333333333,0.0492268376847451,429507,525549,NA,NA,614360,NA,NA,0.0185570497059687
"188","2020-09-17",NA,625651,NA,NA,30405,625651,2020-09-17,NA,2020-09-17,625651,11291,NA,162,0,185.666666666667,0.0485973809679838,439286,534513,NA,NA,625651,NA,NA,0.0183784751611433
"189","2020-09-18",NA,640040,NA,NA,30495,640040,2020-09-18,NA,2020-09-18,640040,14389,NA,90,0,163.666666666667,0.0476454596587713,462858,543379,NA,NA,640040,NA,NA,0.0229984448198756
"190","2020-09-21",NA,671468,NA,NA,30663,671468,2020-09-21,NA,2020-09-21,671468,31428,NA,168,0,140,0.0456656162318979,470973,554143,NA,NA,671468,NA,NA,0.0491031810511843
"191","2020-09-22",NA,682267,NA,NA,30904,682267,2020-09-22,NA,2020-09-22,682267,10799,NA,241,0,166.333333333333,0.0452960497869602,479554,566326,NA,NA,682267,NA,NA,0.0160826725919925
"192","2020-09-23",NA,693556,NA,NA,31034,693556,2020-09-23,NA,2020-09-23,693556,11289,NA,130,0,179.666666666667,0.0447462065067565,488513,593730,NA,NA,693556,NA,NA,0.0165463081169102
"193","2020-09-24",NA,704209,NA,NA,31118,704209,2020-09-24,NA,2020-09-24,704209,10653,NA,84,0,151.666666666667,0.0441885860589683,498989,603167,NA,NA,704209,NA,NA,0.0153599709324121
"194","2020-09-25",NA,716481,NA,NA,31232,716481,2020-09-25,NA,2020-09-25,716481,12272,NA,114,0,109.333333333333,0.0435908279493804,525549,614360,NA,NA,716481,NA,NA,0.0174266446466887
"195","2020-09-28",NA,748266,NA,NA,31411,748266,2020-09-28,NA,2020-09-28,748266,31785,NA,179,0,125.666666666667,0.041978387364921,534513,625651,NA,NA,748266,NA,NA,0.0443626558136224
"196","2020-09-29",NA,758172,NA,NA,31614,758172,2020-09-29,NA,2020-09-29,758172,9906,NA,203,0,165.333333333333,0.0416976622718855,543379,640040,NA,NA,758172,NA,NA,0.013238607660912
"197","2020-09-30",NA,769188,NA,NA,31791,769188,2020-09-30,NA,2020-09-30,769188,11016,NA,177,0,186.333333333333,0.0413305979812478,554143,671468,NA,NA,769188,NA,NA,0.0145296845570662
"198","2020-10-01",NA,778607,NA,NA,31973,778607,2020-10-01,NA,2020-10-01,778607,9419,NA,182,0,187.333333333333,0.0410643623805078,566326,682267,NA,NA,778607,NA,NA,0.0122453808431749
"199","2020-10-02",NA,789932,NA,NA,32086,789932,2020-10-02,NA,2020-10-02,789932,11325,NA,113,0,157.333333333333,0.0406186861653915,593730,693556,NA,NA,789932,NA,NA,0.0145452070171473
"200","2020-10-05",NA,813412,NA,NA,32225,813412,2020-10-05,NA,2020-10-05,813412,23480,NA,139,0,144.666666666667,0.039617069824394,603167,704209,NA,NA,813412,NA,NA,0.029724077515533
"201","2020-10-06",NA,825410,NA,NA,32486,825410,2020-10-06,NA,2020-10-06,825410,11998,NA,261,0,171,0.0393574102567209,614360,716481,NA,NA,825410,NA,NA,0.0147502126843469
"202","2020-10-07",NA,835901,NA,NA,32562,835901,2020-10-07,NA,2020-10-07,835901,10491,NA,76,0,158.666666666667,0.0389543737834983,625651,748266,NA,NA,835901,NA,NA,0.0127100471280939
"203","2020-10-08",NA,848324,NA,NA,32688,848324,2020-10-08,NA,2020-10-08,848324,12423,NA,126,0,154.333333333333,0.0385324475082634,640040,758172,NA,NA,848324,NA,NA,0.0148618077978134
